{
  "name": "headjs",
  "description": "HeadJS: Responsive Design, Feature Detections & Asset Loading. The only script in your <HEAD>",
  "version": "v1.0.3",
  "license": "MIT",
  "authors": [
    {
      "name": "Tero Piirainen"
    },
    {
      "name": "Robert Hoffmann"
    }
  ],
  "homepage ": "http://headjs.com",
  "main": [
    "./dist/1.0.0/head.min.js",
    "./dist/1.0.0/head.min.js.map",
    "./dist/1.0.0/changelog.txt"
  ],
  "ignore": [
    "**",
    "!/dist/1.0.0/*.js",
    "!/dist/1.0.0/*.map",
    "!/dist/1.0.0/*.txt"
  ],
  "directory": "public/scripts",
  "repository": {
    "type": "git",
    "url": "git://github.com/headjs/headjs.git"
  },
  "keywords": [
    "loader",
    "require",
    "polyfill",
    "html5",
    "css3",
    "feature",
    "responsive"
  ],
  "_source": "nexus+https://nexus-3.datys.cu/repository/bower-mirror/headjs",
  "_target": "~1.0.3",
  "_release": "v1.0.3",
  "_originalSource": "headjs"
}
